fips,tot_po_yr,tot_po8,n_years_available,avg_customers_out,avg_customer_time_std
01001,126,3,3,308450,10
01003,78,2,2,190834,2
01005,104,3,1,147682,12
01007,175,10,3,171696,17
01009,159,12,3,306912,11
01011,123,5,3,49590,10
01013,163,6,3,165317,18
01015,130,7,3,943778,15
01017,100,3,3,75074,4
01021,143,6,3,684723,29
01025,84,3,3,240847,18
01027,125,6,3,154666,22
01029,176,15,3,279425,35
01031,75,3,3,72139,3
01037,186,10,3,285590,52
01039,66,4,1,185029,9
01041,97,5,3,40704,6
01045,68,2,3,120734,5
01047,183,3,3,744227,34
01051,147,5,3,567788,14
01053,96,2,3,212197,12
01055,120,6,2,255654,5
01057,183,8,3,105270,11
01059,47,0,1,22787,1
01061,112,3,3,162422,11
01063,52,2,3,17652,4
01065,106,5,3,48938,6
01067,99,4,3,122325,13
01069,70,3,3,524748,9
01073,125,10,3,1978137,5
01075,96,3,2,72638,9
01077,84,8,2,212238,4
01081,87,3,1,277876,3
01085,169,4,3,107874,19
01089,85,2,2,515794,2
01091,106,3,3,82873,8
01093,123,5,3,61558,4
01097,146,4,3,4537082,20
01099,106,4,3,175843,16
01101,124,3,3,666797,5
01105,134,8,3,148760,34
01107,151,5,3,118642,11
01111,150,8,3,266625,22
01113,81,3,3,100258,3
01117,122,6,3,1135231,10
01115,153,11,3,419556,9
01119,104,3,3,34346,5
01121,139,6,3,603687,14
01123,166,7,3,368384,16
01125,136,8,3,517791,5
01127,218,10,3,323605,9
01131,168,6,3,222103,41
01133,178,5,3,96070,7
02068,2,0,3,116,0
02240,27,1,3,16579,5
04001,42,1,3,51255,2
04012,1,0,3,1629,0
04015,24,1,3,72922,1
04017,73,1,3,119651,3
04025,112,3,2,410770,3
05001,192,14,3,351365,33
05003,99,8,3,210193,19
05005,118,3,3,93532,4
05007,75,1,3,531197,4
05009,72,4,3,77043,4
05011,102,6,3,81049,13
05013,149,6,3,60540,24
05015,66,1,3,31318,2
05017,128,7,3,121506,21
05019,109,7,3,244636,21
05023,38,1,3,20723,1
05029,49,3,3,51588,4
05033,84,6,3,143401,4
05035,50,4,3,92203,3
05037,123,6,1,90797,10
05039,124,12,2,184934,44
05041,100,6,3,102004,14
05043,92,8,3,228511,23
05045,63,1,1,104664,2
05047,80,4,3,48860,5
05049,132,4,3,41496,6
05051,124,10,3,348485,6
05053,94,7,3,126638,13
05055,34,0,3,19956,1
05057,80,8,2,86007,8
05059,138,10,2,388158,22
05061,14,2,2,8720,1
05063,98,3,3,95001,5
05067,68,4,2,43665,5
05069,166,18,3,907956,24
05071,87,7,3,82875,6
05075,95,3,3,47222,5
05077,130,6,3,40101,9
05081,94,4,3,37131,5
05083,87,5,3,47382,4
05085,119,6,3,181377,5
05087,66,1,3,31914,4
05091,109,5,3,117674,5
05093,76,6,2,114421,5
05095,122,7,3,63105,14
05097,126,5,2,57486,11
05099,64,6,3,61761,14
05103,173,10,3,452624,34
05105,73,1,3,32891,6
05107,140,8,3,203487,19
05109,55,7,2,126034,21
05111,95,3,3,71866,5
05113,26,1,3,11883,1
05115,123,4,1,172878,5
05117,151,8,3,80061,15
05119,131,12,3,1755118,8
05121,30,1,3,20212,2
05125,101,5,3,279761,5
05127,74,2,3,30205,6
05129,59,3,3,16924,4
05131,67,4,3,260773,4
05133,124,7,3,120160,15
05135,140,1,3,53746,5
05123,130,4,2,204542,16
05139,251,22,3,441949,20
05141,91,2,3,35872,4
05143,64,1,3,232558,2
05145,99,3,3,139834,3
05147,76,3,3,25013,6
05149,120,7,3,81730,8
06003,85,5,3,275,1
06007,140,10,2,996396,10
06009,180,13,3,436224,22
06017,175,13,3,1731819,20
06021,102,2,3,45919,4
06023,192,10,2,871666,14
06037,58,0,1,7815756,2
06039,116,5,2,278522,5
06041,110,6,2,1185126,9
06045,162,5,3,352321,9
06051,3,0,3,2196,0
06053,150,6,2,983536,6
06055,222,18,2,1375384,23
06057,195,12,2,1553474,32
06063,2,0,3,1162,0
06067,80,1,2,1237680,2
06079,114,2,2,325292,3
06081,102,5,2,1188202,4
06083,197,3,3,723548,4
06087,172,13,2,1416870,12
06089,124,12,2,1544277,18
06091,9,2,3,1107,1
06097,168,17,2,3866480,17
06103,147,6,3,542233,19
06109,113,8,3,488637,18
06111,201,2,3,1270652,4
06115,0,0,3,11794,0
08001,78,3,2,864996,4
08005,92,2,2,774602,2
08007,12,0,3,7803,1
08013,67,3,3,298045,2
08014,29,0,3,57631,2
08019,100,4,2,53224,9
08021,38,2,3,40384,10
08023,25,0,3,7242,4
08031,105,2,3,1361759,4
08035,53,2,2,217882,1
08039,43,1,1,21892,2
08045,94,1,1,77360,3
08059,98,4,2,960778,3
08067,14,1,1,42685,1
08075,36,2,2,28493,3
08077,41,1,3,116357,1
08085,28,4,1,20999,1
08093,58,2,2,56673,6
08097,27,0,1,50864,5
08105,28,1,3,18879,3
08111,6,0,1,24,0
08117,98,4,3,144790,10
08123,88,2,2,267506,2
09001,66,8,3,7551849,18
09003,49,4,3,4538813,11
09005,100,9,3,2062680,23
09007,86,7,3,1726819,21
09009,79,4,3,4865393,12
09011,65,5,3,1179786,9
09013,91,6,3,1179612,18
09015,105,10,3,1202944,22
10001,45,1,3,112164,1
10003,64,4,3,973082,3
10005,92,2,3,356684,3
11001,90,3,3,890152,3
12001,74,3,3,219576,2
12003,93,2,3,53622,5
12005,132,0,1,272730,3
12007,78,1,3,36534,3
12009,105,1,3,538642,2
12011,63,1,2,1853970,2
12013,61,0,3,32266,5
12015,118,2,2,243132,2
12017,113,3,3,237692,3
12019,56,1,3,291499,3
12021,128,2,2,487330,2
12023,99,2,3,133387,4
12027,94,0,3,39453,2
12029,111,1,3,35141,4
12031,84,0,3,458875,1
12033,88,1,1,281196,2
12035,88,0,1,102805,2
12041,102,2,3,55881,6
12045,97,4,3,188662,25
12047,133,2,3,71749,12
12049,110,0,2,42966,4
12051,110,0,2,65759,4
12053,88,1,3,198045,2
12057,91,0,2,1049642,1
12059,125,7,3,153280,16
12063,116,7,1,621985,27
12065,152,3,3,112842,14
12067,184,4,2,47872,17
12069,83,0,3,286344,2
12071,86,2,2,616637,2
12073,111,2,1,403239,3
12075,114,1,3,79374,4
12079,119,2,3,43650,5
12081,107,1,3,400458,2
12083,119,4,3,462308,2
12085,92,1,3,176375,2
12086,55,2,3,2561843,2
12087,89,0,3,175520,4
12089,78,2,3,118267,3
12091,84,1,1,202335,2
12093,110,0,2,59173,3
12097,52,0,2,2208785,15
12099,86,1,3,1357985,2
12101,105,1,3,460543,2
12105,74,0,2,363276,1
12107,92,2,3,101293,3
12113,95,0,1,120557,1
12115,99,1,3,411666,2
12117,87,2,3,388806,2
12109,90,1,3,202946,2
12111,84,0,3,212592,1
12119,64,1,3,98172,1
12121,177,5,3,159207,8
12123,126,2,3,51654,5
12125,45,1,3,17060,3
12127,89,2,3,465471,2
12129,155,5,3,366759,24
12131,113,2,3,295270,8
12133,111,0,1,30629,3
13001,163,2,2,88932,10
13003,74,1,3,22503,6
13005,70,1,3,24854,5
13007,103,7,3,118773,67
13009,90,3,3,83213,4
13011,102,3,3,66452,7
13013,48,2,3,62641,2
13015,88,4,3,270375,5
13017,72,2,2,67209,8
13019,35,1,3,33692,4
13021,82,4,3,216422,3
13023,18,1,3,24401,4
13025,116,2,2,28668,3
13029,84,1,3,50138,3
13031,105,1,3,126054,3
13033,44,2,3,30296,3
13037,111,3,3,57183,24
13039,87,2,3,91274,4
13043,97,1,3,35759,7
13045,110,3,3,312771,6
13049,98,2,3,36707,8
13051,94,4,1,398798,3
13053,47,1,3,15910,5
13055,124,6,2,73852,6
13057,77,3,3,384114,3
13059,65,2,3,136885,2
13061,99,3,3,46039,28
13063,106,7,3,464374,4
13067,48,3,1,1663659,4
13069,102,2,2,129299,7
13073,60,2,3,118329,2
13077,89,4,2,437346,6
13079,104,3,3,38239,6
13083,83,5,3,68646,9
13085,98,4,3,116337,9
13087,121,6,3,420013,31
13089,150,9,3,2181278,6
13093,115,2,3,85559,14
13097,80,2,3,246355,4
13103,67,1,3,81844,3
13105,42,0,1,11452,1
13107,75,1,3,60802,6
13109,84,0,2,31802,6
13111,232,10,1,617593,42
13113,70,2,1,97108,2
13115,124,8,2,140997,3
13117,67,1,3,241575,2
13119,77,2,3,62147,6
13121,141,8,2,1439870,3
13123,248,15,3,657319,41
13127,82,2,3,162125,4
13129,114,4,2,74578,3
13131,115,5,3,380167,32
13133,95,3,3,57376,6
13135,97,4,3,1184497,3
13137,100,6,3,253652,13
13139,84,3,3,419650,5
13141,160,3,3,44997,12
13143,132,4,3,198102,13
13145,93,3,3,97463,6
13147,59,1,3,32718,2
13149,83,2,3,46030,8
13151,71,1,3,174181,2
13153,59,1,3,189127,3
13155,114,4,2,61361,14
13157,75,2,3,58317,2
13159,80,1,3,28843,4
13161,112,1,2,73557,11
13167,79,3,3,52968,12
13169,90,4,2,99988,7
13171,97,2,2,28668,3
13175,47,1,3,127650,6
13177,80,3,3,287531,21
13179,113,2,2,90877,3
13181,59,2,3,17903,4
13183,83,1,3,28493,4
13185,34,1,3,61189,1
13187,127,6,3,208579,13
13193,115,4,3,84598,14
13195,55,2,2,32035,2
13197,76,4,3,28771,7
13189,70,1,3,25714,2
13191,95,1,3,44061,6
13199,116,4,3,70041,7
13201,31,1,3,7812,3
13205,100,3,3,437849,42
13207,94,3,3,53954,4
13211,100,1,3,32118,3
13213,137,4,2,101360,6
13215,78,5,3,260114,3
13219,68,1,2,39825,2
13223,66,1,3,280159,4
13225,57,1,3,40954,3
13227,150,8,3,233561,15
13229,102,2,2,40048,4
13231,68,3,2,68396,9
13233,121,7,3,192817,10
13235,70,1,3,79587,16
13237,104,2,3,70077,6
13239,18,0,3,978,1
13241,235,6,1,99392,11
13243,84,2,3,56183,16
13245,64,2,3,163190,2
13247,62,1,3,75826,2
13255,50,0,3,32159,1
13257,87,2,3,122642,9
13259,13,1,3,536,0
13261,97,3,3,251756,16
13263,92,4,3,24361,7
13265,6,0,3,215,0
13267,83,0,3,43692,4
13271,21,1,3,33069,5
13273,101,4,3,89729,21
13275,63,4,3,152666,7
13277,40,2,3,117102,6
13279,26,0,3,32201,2
13281,166,6,1,103177,16
13285,51,1,3,51045,2
13287,98,3,3,52409,13
13291,203,9,1,317176,23
13293,62,3,3,36652,3
13297,65,1,3,81216,2
13299,76,1,2,45738,2
13301,88,2,3,15140,5
13303,119,3,3,104379,11
13305,130,2,2,67518,5
13307,72,2,3,18126,13
13311,142,8,2,319073,21
13315,114,2,3,76613,23
13321,78,3,3,272436,26
15003,171,2,3,1125703,3
15007,101,4,3,204759,8
16003,5,0,3,241,0
16009,18,1,1,7304,1
16011,1,0,1,1632,0
16013,15,2,1,2590,0
16015,8,0,3,624,0
16017,61,3,3,187041,7
16025,2,0,1,84,0
16033,61,1,2,112,0
16035,45,5,1,76361,15
16043,125,2,3,43004,7
16047,10,0,2,775,0
16049,36,4,1,48058,5
16053,6,0,2,983,0
16055,44,2,3,148333,2
16057,9,2,1,8526,0
16059,8,0,2,432,0
16063,4,0,3,341,0
16067,2,0,2,199,0
16069,6,0,1,3027,0
16075,5,0,1,8261,1
16079,59,7,1,67412,9
16085,8,0,2,425,0
17001,46,0,3,44102,1
17011,23,1,3,15487,1
17013,60,3,3,15650,8
17015,48,3,3,47666,6
17017,36,2,2,6896,1
17021,3,0,1,618,0
17023,60,1,3,19683,2
17027,18,0,1,4285,0
17029,20,0,3,16059,1
17033,84,2,3,59400,6
17035,2,0,1,305,0
17045,46,0,3,12753,1
17049,45,2,1,17980,1
17057,39,2,3,27593,2
17061,52,1,3,12492,2
17065,3,0,3,144,0
17067,38,2,3,22870,3
17069,75,1,3,16522,10
17071,46,2,3,14530,4
17077,24,0,2,8641,0
17079,83,1,3,23958,5
17081,33,1,3,21623,1
17083,122,3,3,37697,4
17085,50,1,3,31083,3
17101,66,1,3,50956,7
17117,63,2,1,57504,3
17119,65,4,3,319178,2
17121,28,1,3,15592,1
17123,80,3,3,34610,6
17125,56,1,3,17661,2
17109,19,1,3,11508,1
17129,39,1,3,8263,1
17131,94,5,3,87004,11
17133,32,1,3,25809,2
17137,54,1,3,29175,2
17143,95,7,3,338863,4
17149,77,3,3,30902,4
17151,72,2,3,17500,9
17153,24,1,3,9218,4
17161,71,4,3,961110,13
17165,55,3,3,44666,4
17169,47,0,3,6954,2
17171,38,1,3,5244,2
17173,2,0,1,486,0
17187,44,2,3,21228,3
17189,25,1,3,5379,1
17191,2,0,1,476,0
17193,3,0,1,327,0
18003,64,4,1,307730,2
18011,49,1,1,40828,1
18013,176,10,2,133873,17
18019,112,7,2,371356,7
18021,58,6,1,63220,5
18025,73,5,3,73006,15
18029,59,2,3,99017,4
18031,74,2,3,51772,4
18033,30,1,3,23922,1
18037,26,1,3,23148,1
18039,48,3,2,163971,2
18041,34,3,2,33992,3
18043,78,5,2,313652,8
18047,28,1,3,15643,1
18051,71,6,1,101374,6
18055,97,7,3,89653,6
18057,55,3,3,389551,2
18061,102,6,3,140453,8
18063,53,2,3,129699,2
18069,56,0,1,31735,2
18071,58,4,2,84644,4
18073,58,1,3,29879,2
18077,66,3,3,156163,10
18079,65,3,3,77909,6
18083,66,2,3,206097,11
18085,51,3,3,109446,3
18087,47,3,3,44141,3
18089,93,6,3,1296922,5
18091,89,7,3,204188,4
18095,42,2,1,61284,1
18103,40,1,3,16608,1
18105,90,8,2,336495,5
18107,14,0,3,5729,0
18109,94,6,3,200815,6
18111,38,1,3,17736,3
18113,32,1,3,19656,1
18115,41,2,3,11994,4
18119,146,8,3,129451,12
18121,63,3,1,33993,5
18125,76,4,1,41800,7
18127,38,3,3,152556,2
18129,91,2,2,44192,3
18131,34,1,3,6202,1
18133,43,2,3,28312,2
18137,74,3,3,74501,5
18143,61,2,2,58382,5
18149,49,1,3,20060,2
18151,110,3,3,100486,5
18153,101,6,3,68716,7
18155,78,3,3,31510,6
18157,48,2,1,176803,2
18161,38,1,3,12942,4
18173,67,1,1,135565,4
18175,73,2,2,128176,10
18183,31,0,1,17475,1
19007,1,0,1,1430,0
19013,38,2,1,110478,2
19023,44,0,2,10501,1
19033,60,2,2,79754,3
19041,21,1,1,9126,1
19043,46,0,2,16564,2
19045,73,2,1,64530,3
19047,18,0,2,4951,1
19051,73,1,1,10696,3
19055,46,2,1,23114,3
19057,63,1,3,30809,1
19059,36,1,1,41032,4
19061,38,2,1,99370,2
19067,65,3,1,31135,4
19071,41,1,3,13047,3
19073,50,5,1,72555,14
19077,1,0,1,637,0
19081,40,1,1,24443,4
19083,44,6,1,107858,11
19085,41,1,1,17187,2
19095,76,2,1,38741,4
19097,40,1,1,21613,2
19103,63,2,1,145776,2
19105,59,2,1,16802,2
19109,38,1,2,15830,2
19111,56,1,3,50005,3
19113,59,0,2,134894,1
19119,4,1,1,1226,0
19123,42,2,2,22568,2
19127,70,6,1,2060221,104
19129,61,1,3,30414,4
19137,44,1,3,10314,2
19139,30,1,2,35436,2
19141,30,0,2,7633,1
19143,1,1,1,739,0
19145,35,2,1,18796,2
19147,38,0,3,9504,2
19151,1,0,1,222,0
19155,63,1,3,98423,2
19163,62,2,3,1303303,15
19165,52,0,1,12447,2
19167,33,1,3,28096,2
19169,30,7,1,768779,16
19171,57,2,1,512814,60
19181,49,1,1,90337,4
19183,48,3,1,59159,5
19185,55,0,3,5239,2
19191,45,1,1,22560,2
19193,50,0,1,55858,1
19195,54,2,3,35327,9
20001,38,0,2,5756,1
20003,8,1,1,2550,1
20005,44,2,2,22466,3
20007,7,0,2,1269,0
20009,34,2,3,46927,3
20011,57,2,2,30434,4
20015,51,2,2,57014,2
20017,13,0,3,158,0
20031,49,3,1,14911,3
20037,50,0,2,26385,1
20045,53,4,2,157276,3
20051,29,1,3,47565,3
20059,83,12,1,109007,8
20061,32,0,3,11858,1
20063,0,0,3,112,0
20065,1,0,3,152,0
20071,1,0,3,15,0
20075,4,0,3,47,0
20079,46,2,2,27188,2
20083,2,0,3,153,0
20085,30,3,2,16862,2
20087,47,2,2,34082,3
20091,48,3,2,999873,3
20093,20,4,3,546,0
20103,44,2,2,55714,2
20109,42,0,3,9663,6
20111,49,3,1,129952,7
20115,47,2,2,11846,2
20117,20,0,2,9412,2
20121,61,2,2,108414,6
20127,0,0,2,330,0
20139,51,6,1,60811,7
20143,3,0,2,162,0
20145,29,1,3,8891,3
20155,42,1,1,49650,1
20161,52,4,2,40986,1
20169,40,0,2,25598,1
20171,2,0,3,81,0
20173,56,4,2,385710,1
20177,40,2,2,165276,2
20179,0,0,3,989,1
20193,45,1,3,7086,2
20197,1,0,1,900,0
20199,7,0,3,229,0
20203,6,0,3,76,0
20207,70,1,1,1128,1
21001,1,0,1,709,0
21003,75,2,3,51385,5
21005,67,4,3,49281,4
21007,61,2,3,33257,8
21011,100,3,3,34540,6
21013,118,5,3,72922,5
21015,65,3,3,160216,3
21017,65,2,3,28673,3
21021,44,1,3,36921,2
21023,90,1,3,30876,7
21029,99,3,3,130198,3
21031,59,1,3,16097,2
21035,57,2,3,58966,3
21039,45,3,1,21428,8
21043,140,6,3,66114,5
21045,63,1,3,19479,2
21049,53,2,3,37530,2
21051,180,5,3,59787,6
21053,72,2,3,25747,5
21061,98,2,2,51790,8
21067,64,3,3,795857,5
21069,125,3,3,45293,6
21071,185,11,3,211804,11
21079,49,1,3,31976,4
21081,65,1,3,46521,4
21083,55,2,3,70279,4
21089,126,7,3,91364,5
21093,35,0,1,38361,1
21095,116,5,3,68018,5
21097,79,2,3,25876,3
21099,87,2,2,36595,4
21101,39,2,1,77416,3
21103,79,3,3,25853,3
21105,58,1,3,13292,6
21109,128,3,3,39560,6
21111,79,5,3,1753162,4
21115,171,5,1,100702,9
21121,81,3,3,91929,6
21123,34,2,2,30852,4
21125,80,2,3,84541,3
21127,196,12,3,104601,14
21135,130,3,3,93177,14
21137,81,1,3,47105,4
21139,72,2,3,40674,8
21143,44,0,1,10092,2
21151,48,1,3,93375,2
21155,63,1,3,38250,4
21157,56,1,3,55797,3
21159,138,9,3,91915,17
21161,81,1,3,35281,4
21147,104,3,3,63473,8
21149,57,1,3,16292,3
21167,53,1,3,34135,3
21171,43,0,3,17989,3
21173,59,2,3,57455,4
21177,59,2,3,30534,2
21179,115,3,3,74879,3
21185,93,10,3,207745,7
21187,92,2,3,21110,4
21189,105,5,3,15706,7
21191,81,2,3,33821,5
21197,86,3,1,17273,3
21199,128,2,2,119551,4
21201,3,0,3,334,0
21203,157,3,3,59864,7
21207,81,1,3,31183,3
21209,62,2,3,67211,2
21211,62,3,3,43110,2
21215,69,2,3,38772,4
21217,14,0,3,6646,1
21219,96,2,2,72308,12
21221,125,2,3,83081,11
21223,63,2,3,17340,4
21225,67,2,3,27055,4
21229,63,2,3,25042,4
21231,108,3,3,65876,6
21233,53,1,3,16692,3
21235,79,3,3,109159,7
21237,70,1,1,9731,2
21239,73,4,3,289479,21
22001,114,6,3,879180,28
22003,233,23,3,677653,62
22005,127,7,3,341607,6
22007,69,3,3,163281,14
22009,178,12,3,419617,20
22011,262,25,3,1733867,92
22013,175,18,2,289674,37
22019,176,17,3,10045051,93
22021,125,8,3,186145,36
22023,104,10,3,86706,22
22027,158,12,2,274603,35
22029,145,11,3,97156,10
22031,187,18,3,412449,28
22033,152,9,3,1993885,9
22035,100,11,3,68851,26
22037,196,8,3,196008,21
22039,159,9,3,362130,22
22041,71,2,3,57479,6
22043,226,14,3,609708,65
22045,125,5,3,954700,26
22047,114,5,3,115070,8
22049,134,14,2,648936,81
22051,122,14,3,6156641,26
22053,131,16,3,736959,46
22055,56,2,3,1096683,8
22057,125,9,3,690553,14
22059,78,7,3,202592,30
22061,119,12,2,643160,26
22063,165,6,3,398666,6
22065,102,4,3,41334,8
22067,97,7,3,267549,20
22071,156,7,3,3865255,18
22073,106,12,2,3622590,45
22075,109,7,3,435729,36
22079,170,14,3,2667869,39
22081,6,0,3,5987,1
22083,104,7,3,101904,10
22085,256,21,3,751776,59
22087,89,7,3,581241,28
22089,125,6,3,431072,16
22091,210,6,3,106206,20
22093,72,2,3,77980,7
22095,107,5,3,176898,8
22097,145,6,3,899274,21
22099,133,6,3,440145,16
22101,95,5,3,329050,12
22103,129,5,3,1403570,11
22105,202,17,2,1146076,17
22107,104,12,3,116782,48
22111,248,22,2,849700,75
22113,90,5,2,1049426,35
22115,175,17,3,1091296,46
22117,101,3,3,161609,7
22119,144,16,2,375362,17
22121,84,4,3,106090,8
22125,200,7,3,150455,27
22127,141,10,3,316304,43
23003,110,4,3,265379,6
23007,22,3,3,12617,1
23009,135,6,3,593703,17
23015,4,1,3,11492,1
23019,143,6,3,1273683,14
23021,139,11,3,322141,31
23023,0,0,3,5115,0
23025,8,1,3,13484,0
23027,6,1,3,9176,0
23029,114,4,3,165960,8
24003,73,5,3,799706,3
24005,67,6,3,1455508,4
24510,116,7,3,929816,3
24009,67,4,3,182319,5
24011,67,1,3,42498,3
24013,84,6,3,223544,3
24015,99,3,3,272499,6
24019,66,1,3,44800,3
24023,98,6,3,214604,14
24025,65,6,3,600248,5
24027,59,5,3,454840,3
24029,75,2,3,55533,6
24031,72,2,3,1196138,3
24033,94,3,3,1214572,3
24035,72,2,3,67677,3
24039,64,2,3,39559,4
24041,42,1,3,44523,2
24045,68,1,3,122311,3
24047,107,2,3,118393,4
25001,123,4,3,3564992,30
25003,71,4,2,451296,7
25005,69,6,3,1517127,6
25007,46,1,3,105385,12
25009,78,6,3,2378712,7
25011,73,6,2,253113,7
25013,46,3,2,1317232,6
25015,58,4,2,427346,6
25017,52,4,3,3344773,4
25021,74,6,3,1732844,5
25023,72,6,3,3610684,16
25025,90,3,3,731760,2
25027,99,5,3,2376929,6
26001,133,15,3,200888,32
26003,67,8,2,49068,12
26007,20,3,3,23237,1
26009,88,7,3,134912,11
26011,123,12,3,237313,29
26013,38,1,2,12773,3
26017,50,5,3,200820,4
26019,16,1,3,5493,1
26023,90,9,3,309931,15
26025,90,8,3,977410,15
26027,61,4,3,45204,2
26029,75,5,3,108088,7
26031,89,6,3,211613,15
26033,93,6,3,449526,25
26035,132,10,2,326442,22
26037,75,5,3,153956,4
26039,73,3,3,68615,9
26043,42,2,3,52591,4
26045,71,6,3,345011,6
26047,54,4,3,100456,5
26049,94,12,3,1066528,5
26051,125,10,3,261242,19
26053,58,2,3,44421,5
26055,23,1,3,22787,0
26057,78,8,3,126069,7
26059,102,10,3,168200,8
26061,78,2,2,62874,4
26063,99,12,2,447854,25
26065,80,4,2,430864,3
26067,121,11,3,606174,21
26069,127,14,3,296114,20
26071,52,1,1,12369,2
26073,82,8,3,155060,5
26079,2,0,2,369,0
26081,108,11,3,4106601,13
26083,1,0,3,122,0
26085,93,6,3,180990,32
26087,60,8,3,530203,13
26089,26,0,3,6363,1
26091,8,0,2,14133,0
26093,82,8,2,1086478,12
26095,52,6,3,48569,17
26097,124,11,3,162113,24
26101,17,1,3,4579,0
26105,79,5,3,191161,12
26107,113,10,3,233883,12
26111,117,14,3,520409,12
26113,108,5,2,139311,18
26115,78,11,3,424932,6
26117,131,13,3,624022,21
26119,59,6,3,71535,13
26121,99,10,3,763489,9
26123,113,12,3,280056,12
26127,82,7,3,100837,8
26129,127,14,3,317539,27
26131,30,1,3,11905,3
26133,95,8,3,192793,17
26135,87,9,3,101215,22
26137,80,5,3,77908,6
26139,79,10,3,757365,6
26141,47,3,3,44316,6
26143,124,8,1,574653,42
26145,72,8,2,560052,6
26151,64,8,3,410077,19
26153,50,3,2,25695,6
26155,83,10,2,205132,6
26157,80,10,2,483202,18
27001,121,5,3,96412,10
27003,14,0,1,58278,0
27009,42,1,3,35080,2
27017,35,2,3,34712,2
27019,56,2,2,79284,2
27025,59,2,3,41886,2
27037,36,1,1,199455,1
27039,44,1,3,35991,4
27045,1,0,3,425,0
27047,46,1,3,77821,5
27049,39,3,3,75183,3
27053,86,5,3,1261661,2
27061,48,1,2,43991,2
27065,35,1,3,9836,1
27079,58,2,3,61781,5
27081,0,0,2,62,0
27095,45,1,3,30144,2
27097,26,1,3,23622,1
27099,33,1,3,31833,2
27101,73,3,3,34058,7
27105,42,1,2,21924,2
27109,27,1,2,75504,1
27111,57,4,1,68900,2
27115,60,1,3,32362,2
27117,5,0,3,932,0
27123,68,3,3,516952,2
27129,24,1,3,8390,1
27131,56,2,2,157307,5
27133,3,0,3,291,0
27139,40,0,3,79417,1
27145,35,1,3,75241,1
27137,58,3,2,247028,2
27151,0,0,3,429,0
27153,33,0,2,13578,1
27157,54,2,3,29984,3
27161,28,3,1,66992,7
27163,71,5,3,314526,3
27169,48,1,2,34896,1
28001,324,16,3,329175,21
28005,297,15,3,153890,21
28007,144,12,1,121913,13
28011,124,9,3,219707,13
28019,89,3,3,29460,7
28021,414,22,3,204845,51
28023,124,4,3,50157,6
28029,289,13,3,227328,17
28031,144,8,3,136643,14
28033,67,4,3,216791,2
28035,80,2,3,104981,3
28037,330,15,3,123718,30
28039,124,4,3,460950,42
28041,139,8,3,236205,45
28043,112,9,3,198685,17
28045,73,2,3,364414,12
28047,74,2,3,1629471,15
28049,176,23,3,1014328,8
28051,81,5,3,42183,5
28059,109,3,3,997902,13
28061,134,5,3,86842,10
28065,137,7,3,90973,14
28067,97,6,3,186970,5
28069,93,3,1,15787,3
28071,90,3,3,132202,5
28073,73,2,3,93583,3
28075,88,4,3,138158,3
28077,143,5,3,64370,10
28079,102,4,1,47786,4
28085,236,9,3,143554,8
28089,109,10,3,332135,6
28091,97,3,3,66843,5
28097,72,4,3,38403,6
28099,90,4,1,44184,3
28101,130,5,1,60467,6
28103,55,2,2,40897,7
28107,130,6,3,188017,11
28109,116,3,3,155907,5
28111,112,4,3,61340,10
28113,157,9,3,280369,14
28119,121,5,3,61126,15
28121,96,10,1,409162,5
28123,149,5,1,98799,7
28127,177,9,3,142124,11
28129,147,7,3,105605,13
28131,96,3,3,167477,19
28133,117,7,3,115935,10
28135,124,6,3,118140,20
28137,99,8,3,99680,7
28139,82,2,3,59461,5
28147,122,4,3,52327,7
28149,323,35,3,416318,16
28151,134,9,3,170634,7
28153,114,6,3,59306,5
28157,394,25,3,204090,46
28159,55,2,3,36825,4
28161,67,4,3,70446,10
29013,87,7,1,47808,6
29015,46,2,3,11426,1
29017,1,0,1,461,0
29019,26,1,1,81587,1
29021,70,3,1,96626,2
29023,64,2,2,82378,4
29027,21,0,3,7378,0
29029,56,2,3,29315,1
29031,61,1,1,132726,3
29035,60,0,1,13765,4
29037,68,5,1,390719,7
29039,56,1,2,59266,8
29041,62,2,1,23940,7
29043,35,4,1,74597,2
29047,81,6,1,412051,3
29053,66,2,3,20532,2
29055,66,4,2,26686,2
29057,12,0,3,519,0
29059,4,1,1,1234,0
29063,2,0,1,910,0
29067,118,10,1,64856,10
29069,34,2,1,58720,4
29071,56,3,3,103274,2
29073,74,1,3,17813,2
29083,40,1,3,19015,2
29085,36,0,2,7948,2
29089,58,2,3,17868,4
29093,105,5,3,25694,5
29095,90,6,2,2433372,6
29099,84,8,1,270207,2
29101,59,6,1,237719,9
29103,29,0,1,4531,2
29105,88,2,2,66280,4
29107,40,1,3,22158,1
29113,98,4,3,78874,3
29115,19,0,3,8538,1
29121,32,0,2,7264,1
29119,20,1,1,2464,0
29131,60,4,2,75164,6
29133,47,2,3,28665,4
29137,63,0,1,11097,2
29147,52,0,2,20618,2
29151,57,1,3,15164,2
29153,101,3,2,26346,5
29155,51,1,1,31644,4
29159,21,0,3,4747,0
29161,64,2,1,38247,2
29163,105,5,1,46018,5
29169,71,3,1,51556,3
29181,67,2,1,22019,3
29201,70,1,3,74505,4
29183,61,1,1,334594,2
29185,42,1,3,7327,1
29186,1,0,1,598,0
29189,63,8,3,1692939,3
29510,51,3,3,308087,2
29207,49,2,3,31225,2
29213,68,4,1,70464,2
29215,90,7,1,59532,5
29217,37,1,3,20996,2
29219,116,4,2,81474,5
29221,106,4,2,41714,4
29225,29,1,1,9978,1
29229,8,0,2,1764,0
31007,114,6,2,289,1
31019,8,0,2,4449,0
31025,50,0,2,39236,3
31033,49,3,1,16298,3
31067,28,0,3,7306,1
31101,9,1,3,8963,2
31119,7,0,3,3503,0
31131,34,1,2,9106,1
31133,1,0,2,98,0
31155,53,1,2,28960,2
31157,5,0,1,2054,0
31159,46,0,2,8569,1
31177,45,2,1,73510,6
31185,9,1,3,3935,0
32009,4,0,3,33,0
32023,80,1,3,391994,17
33001,95,5,3,215307,6
33003,114,6,3,284036,9
33005,109,6,3,304025,7
33007,88,5,3,106665,6
33009,109,7,3,271387,6
33011,64,6,3,606001,3
33013,101,6,3,360576,4
33015,86,6,3,1093016,6
33017,73,4,3,233640,3
33019,85,5,3,269229,11
34001,72,3,3,776003,6
34005,120,5,3,2649318,13
34007,112,4,3,1439905,6
34009,78,2,3,372113,7
34011,61,3,3,354825,6
34015,95,4,3,523456,4
34029,157,7,3,3123784,11
34033,92,3,3,226870,8
34037,130,6,3,1600334,24
35005,31,0,3,23333,1
35009,23,0,3,17655,1
35015,50,2,3,50989,2
35017,68,2,1,58013,4
35023,1,0,1,142,0
35025,59,2,3,40583,1
35027,58,2,2,78555,7
35029,53,1,1,48616,4
35035,71,1,2,132534,4
36001,120,7,3,1391355,10
36003,102,5,3,302261,15
36009,70,5,3,202724,6
36019,101,2,3,213396,6
36021,133,9,3,384529,13
36025,172,9,3,172005,8
36027,156,8,3,2105035,17
36029,81,6,3,1752965,4
36031,132,7,3,287642,16
36033,72,2,3,178676,8
36035,77,8,3,239347,10
36037,42,2,3,59688,2
36039,204,6,3,277461,14
36041,106,25,3,160865,108
36043,97,9,3,229801,8
36045,0,0,3,4341910,90
36049,112,6,3,79005,7
36051,77,4,3,102645,4
36053,87,4,3,149652,5
36057,57,4,3,100848,5
36065,93,6,3,366723,4
36067,102,3,3,427433,2
36071,133,8,3,1807070,12
36073,0,0,3,4539351,251
36075,104,5,3,279940,5
36079,160,8,3,2077406,52
36083,114,9,3,744357,10
36091,120,13,3,1524900,14
36093,100,9,3,655576,11
36095,101,5,3,92164,7
36099,1,0,3,1000,0
36089,0,0,3,60601,1
36105,183,12,3,1078627,34
36111,233,14,3,1048423,13
36113,109,10,3,714754,22
36115,148,10,3,291289,11
37001,66,5,3,620782,7
37003,73,4,3,142651,8
37005,78,3,3,28179,4
37007,97,6,3,215526,17
37009,83,4,3,71777,5
37013,74,6,2,501374,19
37015,74,5,3,94282,9
37017,69,4,3,395129,22
37019,60,5,3,2257891,31
37023,55,5,3,247744,5
37025,47,5,3,244084,3
37027,72,5,3,200366,5
37029,34,3,3,44529,9
37031,95,4,3,1912223,48
37033,67,6,3,269810,23
37037,116,10,2,711106,19
37039,212,12,1,289101,17
37041,31,1,3,28678,3
37043,190,7,1,123782,18
37045,69,8,3,175500,4
37047,66,4,3,649350,22
37049,66,3,2,1397939,26
37051,35,2,3,732200,4
37055,84,4,2,375728,17
37057,74,6,3,529213,6
37059,81,5,3,142682,7
37061,77,4,3,658491,23
37067,86,9,3,1941533,10
37071,60,10,2,366448,3
37073,54,3,3,49852,8
37083,55,2,3,75315,3
37085,94,5,3,574981,10
37087,143,6,3,416205,12
37089,117,12,3,887116,13
37093,73,4,3,176207,8
37095,92,5,2,150428,58
37097,77,6,3,503661,6
37099,172,16,3,330659,15
37101,95,9,3,704829,8
37103,57,5,3,178742,33
37105,99,4,3,248666,8
37109,50,4,3,166431,4
37113,0,0,2,1750,0
37115,112,9,3,57801,5
37111,95,9,3,132615,6
37121,109,6,3,70732,8
37123,120,7,3,253559,18
37125,91,4,3,788178,15
37131,68,5,1,54277,5
37133,75,2,3,2852160,34
37135,73,6,3,522717,7
37137,101,8,2,413990,58
37141,88,6,3,1157686,40
37143,42,2,3,26214,3
37149,100,9,3,329306,27
37151,87,9,3,636816,9
37153,93,3,3,372999,15
37155,112,11,1,2846753,47
37157,89,9,3,1069628,22
37161,92,9,3,629999,18
37163,84,4,2,1022819,33
37165,74,4,3,185535,11
37167,66,7,3,162200,5
37169,87,7,3,458927,18
37171,73,7,3,189349,5
37175,156,13,1,675915,36
37179,76,6,3,418469,4
37183,95,5,3,1994334,4
37189,64,3,3,51686,2
37191,52,2,3,447713,7
37193,92,5,3,210096,6
37195,53,0,3,40142,1
37197,58,4,3,209379,10
37199,141,3,3,46651,5
38013,2,0,2,18,0
38017,21,2,1,220653,2
38039,38,1,3,3104,2
38043,16,0,2,518,0
38061,46,2,2,12874,2
38063,45,3,2,4946,2
38071,1,0,2,259,0
38103,30,2,1,2711,1
39005,0,0,3,10048,0
39013,135,9,3,234861,8
39019,129,11,3,204383,15
39021,78,2,3,48349,3
39037,64,4,2,58255,2
39039,35,1,3,29574,2
39045,134,7,3,393759,6
39049,172,10,2,2225728,4
39051,1,0,3,10039,1
39053,89,5,3,51527,4
39059,95,5,3,93851,5
39063,65,3,3,104457,3
39067,160,12,3,167818,23
39071,121,4,3,133114,7
39073,217,22,3,303997,23
39077,62,2,3,71606,3
39079,136,6,3,95236,6
39083,85,6,3,154754,6
39085,93,6,3,692455,6
39087,123,4,3,139212,5
39089,142,8,2,418206,5
39097,1,0,3,8310,0
39107,2,0,2,6798,0
39111,160,11,3,71292,10
39115,2,0,3,3563,0
39117,79,0,1,35638,2
39121,108,7,3,57801,10
39125,1,0,3,2451,0
39127,136,8,3,177606,11
39129,104,4,3,126387,5
39135,87,4,2,95850,5
39141,171,9,3,238440,7
39149,72,2,2,59426,3
39167,167,7,3,219444,7
39169,98,3,3,197536,4
39171,1,0,3,6548,0
40001,52,2,3,39494,4
40003,39,0,3,4659,2
40005,2,1,2,1777,0
40009,74,2,3,66296,6
40011,6,1,3,4570,1
40013,21,3,1,11465,0
40015,89,3,3,125132,9
40017,24,2,2,249000,4
40019,70,8,2,66676,3
40021,68,4,2,63510,3
40023,90,0,2,43056,5
40027,40,7,1,2763316,18
40031,64,3,2,193580,3
40035,87,2,3,31019,4
40037,52,9,3,242020,7
40039,83,3,3,170537,11
40041,166,7,3,186187,8
40043,9,1,3,5759,2
40045,3,0,3,1092,0
40047,55,4,2,104588,3
40049,68,6,2,75077,5
40051,91,2,3,352374,13
40053,43,2,3,11195,4
40057,29,0,3,280,0
40061,51,1,3,16150,2
40063,7,0,3,1988,0
40067,3,0,3,1140,0
40069,2,0,2,983,0
40071,28,1,2,33410,1
40073,27,3,3,67495,8
40077,142,3,3,39456,7
40079,192,8,3,209275,8
40081,47,5,1,169337,9
40085,46,4,2,15758,3
40093,43,2,3,27553,6
40095,64,3,3,41550,5
40097,109,3,3,103385,5
40087,66,2,3,75957,4
40089,127,4,3,66000,4
40091,34,4,2,50392,4
40099,21,2,3,6593,1
40101,58,6,2,141181,4
40103,49,6,2,39303,6
40105,61,2,3,22983,4
40107,1,0,3,2214,0
40109,22,5,1,5201161,12
40111,42,1,2,74626,4
40113,98,2,3,75233,3
40115,57,3,3,61782,4
40117,50,2,2,132928,16
40121,197,3,3,159040,6
40123,102,3,3,133172,7
40125,70,8,1,828557,23
40127,178,5,3,44985,7
40129,110,2,3,27944,14
40131,61,1,3,103476,2
40135,47,4,2,108670,5
40137,62,3,2,68782,3
40139,47,1,3,22061,2
40141,53,2,3,24297,6
40145,58,2,3,87277,2
40147,62,3,3,80045,3
40149,72,2,3,52490,9
40151,27,1,3,4383,1
40153,5,0,3,3113,0
41001,29,2,3,22817,3
41007,0,0,3,523,0
41011,67,3,1,96933,3
41013,34,2,1,35633,3
41019,66,10,3,237222,4
41035,67,3,3,74657,2
41039,72,14,1,635809,3
41041,98,12,1,480837,18
41043,90,2,2,242146,4
41045,1,0,1,508,0
41049,52,1,3,28238,6
41057,45,4,3,136401,10
41059,98,4,3,164111,5
41061,33,1,3,29992,2
42005,122,7,3,222465,7
42007,60,9,1,241892,3
42015,2,1,3,19344,1
42017,119,8,3,3561312,12
42019,114,7,3,1070328,11
42021,136,6,3,304238,4
42023,28,3,3,2902,1
42025,93,4,3,147556,5
42029,149,10,3,2766815,12
42031,111,8,3,176180,9
42033,163,5,3,249248,7
42035,2,0,3,4189,0
42037,140,6,3,192377,6
42041,93,4,3,230841,2
42043,96,2,3,293952,2
42045,125,5,3,2233718,9
42049,132,5,3,573188,4
42051,100,5,3,247142,4
42053,229,21,3,102412,44
42057,4,1,3,5995,1
42059,8,1,3,18774,1
42061,1,0,3,9648,0
42063,174,7,3,257813,6
42065,137,6,3,162257,7
42067,79,3,3,53927,5
42069,89,3,3,219977,2
42071,77,2,3,416139,2
42077,107,4,3,548906,3
42079,89,4,3,401141,3
42081,93,4,3,128862,2
42083,1,0,3,10578,1
42089,155,6,3,1584314,23
42091,102,5,3,3993120,10
42093,57,2,3,34946,4
42095,115,4,3,773229,6
42097,90,4,3,143503,3
42101,60,1,2,1529064,2
42103,142,8,3,859878,33
42105,17,0,3,5584,1
42107,103,4,3,212088,3
42109,104,5,3,69371,4
42111,118,5,3,167420,5
42113,21,2,3,3191,1
42115,2,1,3,12926,1
42117,148,6,3,201201,10
42119,67,4,3,72401,4
42121,146,9,3,243229,9
42123,1,0,3,13918,1
42127,169,8,3,442049,19
42131,151,9,3,107651,8
42133,117,6,3,560645,3
44001,36,4,3,237967,10
44003,52,5,3,671920,8
44005,43,3,3,154543,4
44007,83,4,3,1975268,7
44009,72,5,3,1065431,17
45003,95,2,2,255584,3
45007,96,9,3,692876,6
45009,58,0,1,12943,2
45011,52,0,1,13448,1
45013,96,3,1,542826,5
45015,77,1,1,882182,8
45017,94,2,1,31752,4
45019,92,2,2,2650973,11
45021,75,4,3,118334,4
45023,72,5,3,86633,5
45025,68,3,3,230304,9
45027,87,3,3,78019,4
45029,104,5,1,296313,14
45031,78,3,3,179021,5
45033,63,2,3,218365,14
45035,63,2,1,745102,10
45037,93,3,1,51233,4
45039,60,0,1,31005,2
45041,67,3,3,276975,4
45043,39,2,2,180969,5
45045,107,10,3,2164288,8
45049,67,3,1,41074,4
45051,34,1,2,222898,1
45053,90,2,1,55914,4
45055,53,4,1,88856,3
45059,70,4,2,102946,3
45063,110,3,2,451977,3
45067,79,5,3,185018,12
45065,45,1,1,22709,4
45071,2,0,1,1028,0
45073,95,4,3,601992,13
45075,50,4,1,91630,2
45077,94,5,3,770304,11
45079,93,3,1,612778,3
45081,105,3,1,50571,5
45089,63,3,3,83021,5
45091,70,4,1,504504,3
46055,1,0,1,154,0
46063,6,2,1,1404,2
46071,1,1,1,1232,1
46075,1,0,1,115,0
46077,12,10,3,3314,1
46079,42,2,3,2958,0
46083,54,1,1,60186,2
46097,1,0,1,146,0
46099,70,2,2,348671,3
46101,15,1,2,856,0
46105,2,0,2,120,0
46111,0,0,2,52,0
47003,60,2,3,37841,2
47007,111,2,2,27128,4
47009,134,5,2,306600,5
47011,98,3,3,174738,3
47021,106,2,2,93648,5
47023,30,0,2,18398,2
47025,62,2,2,23544,1
47029,142,3,3,94277,5
47031,56,2,3,62686,2
47033,57,0,3,29861,4
47035,75,1,3,117978,3
47037,86,6,1,7361656,19
47047,101,2,3,72429,4
47049,68,2,2,54040,6
47057,133,6,3,58925,5
47059,72,2,3,58105,2
47061,78,3,3,43549,7
47063,75,4,1,100525,3
47073,123,5,3,160373,5
47079,92,4,1,179788,10
47089,20,0,3,13722,1
47095,41,1,2,12683,5
47111,74,1,3,55501,5
47113,115,3,1,158139,3
47115,48,4,3,27849,2
47117,59,1,3,44808,3
47119,25,2,1,332607,7
47107,63,2,2,33894,1
47121,82,4,2,37998,6
47123,111,2,1,98441,4
47129,0,0,2,234,0
47131,76,2,3,54442,3
47133,52,0,2,11091,1
47137,7,0,1,245,0
47139,162,6,1,111886,12
47143,60,1,2,52066,3
47145,71,1,2,47092,2
47147,81,2,2,114078,3
47149,38,1,3,101021,1
47153,59,1,3,16378,2
47155,140,10,1,1343782,27
47157,117,5,2,1485212,3
47159,0,0,3,59,0
47161,139,3,3,49308,7
47163,99,5,3,363023,4
47165,52,2,2,123631,1
47167,72,3,3,193285,7
47169,54,1,3,26545,6
47179,68,2,2,158770,2
47185,42,0,2,41431,3
47187,59,1,3,250535,2
47189,62,1,2,434190,6
48001,152,8,3,198530,9
48005,130,9,3,275394,7
48009,63,5,3,39786,9
48011,28,2,1,393,0
48015,234,12,2,127782,8
48023,7,1,3,760,0
48029,64,2,2,1310704,2
48031,44,0,3,9739,2
48033,159,12,1,2055,6
48035,93,4,1,39592,4
48037,161,11,3,323072,7
48045,40,4,1,543,1
48049,85,6,1,65589,3
48051,38,1,2,20566,2
48053,47,0,3,25911,1
48059,107,4,3,47475,7
48061,127,5,3,1033410,6
48063,131,3,3,77328,13
48065,91,5,3,78988,25
48067,88,2,3,75069,5
48071,168,9,3,196340,11
48073,140,13,3,220957,9
48075,3,0,3,2189,1
48077,57,3,3,26522,5
48081,76,6,3,2247,1
48085,110,2,1,874413,2
48087,79,1,3,714,1
48089,256,15,1,78902,8
48091,35,0,3,61464,1
48093,59,1,3,26215,4
48097,116,4,3,177157,9
48101,52,1,3,514,1
48103,213,26,3,21878,11
48105,125,7,1,2492,1
48107,29,2,3,39454,14
48117,129,2,3,53769,7
48119,1,0,3,837,0
48121,70,3,2,745718,2
48123,87,3,3,23571,2
48125,80,2,3,792,1
48129,79,1,3,1059,1
48133,78,3,3,83021,9
48135,137,12,1,321964,5
48137,7,0,3,322,0
48139,16,0,1,16424,0
48143,106,3,3,219973,12
48145,75,4,3,37948,5
48149,9,0,1,3277,0
48151,66,2,1,3282,2
48155,55,1,3,525,1
48157,74,6,3,887661,3
48161,111,8,2,58622,6
48163,59,1,3,11893,2
48165,97,3,3,55368,7
48167,110,6,3,624027,4
48169,61,3,3,24242,11
48173,374,30,1,5416,9
48179,52,4,3,121722,11
48181,84,2,2,176296,3
48183,109,5,3,313554,5
48185,106,4,2,100219,8
48187,41,0,1,43880,1
48189,44,5,1,143926,10
48191,98,2,3,1048,1
48193,38,2,2,12738,3
48195,33,3,1,36866,14
48197,137,4,3,2070,1
48199,120,7,3,255860,9
48203,95,3,3,156923,5
48207,1,0,3,2050,1
48209,53,1,3,125222,1
48211,47,1,3,15466,8
48213,139,9,3,259778,6
48217,37,0,3,18261,1
48219,60,2,3,29819,3
48221,75,1,3,70564,2
48223,128,4,3,106646,6
48225,153,9,3,167457,15
48231,77,0,2,75101,2
48233,62,11,1,107494,11
48237,84,2,3,26970,6
48243,105,8,3,1517,1
48245,145,15,3,4164328,33
48249,152,5,3,113185,6
48253,69,2,3,49885,7
48257,125,6,1,263211,5
48261,57,3,3,437,2
48263,42,1,3,339,1
48269,10,0,3,29,0
48273,110,2,3,155406,11
48275,94,2,3,1385,1
48277,82,3,3,75542,3
48279,26,0,3,12214,2
48283,69,4,3,9570,3
48285,66,2,3,22316,2
48287,22,0,1,2924,0
48291,185,13,3,362418,10
48293,98,6,2,50402,5
48297,140,4,3,42132,8
48301,187,21,3,2621,53
48303,69,4,3,404261,3
48305,141,7,3,55775,19
48313,108,4,2,81634,14
48315,141,4,3,93287,16
48317,383,18,1,6319,3
48311,9,0,3,20,0
48325,50,3,3,40302,2
48329,113,7,1,233528,3
48335,131,6,1,65632,20
48337,88,2,3,77023,7
48339,180,11,2,2585212,9
48341,5,2,1,9778,1
48343,82,3,3,37966,6
48345,48,1,3,385,1
48349,96,7,3,82946,4
48357,75,1,3,24424,5
48359,1,1,1,539,1
48361,88,11,3,2060773,49
48363,128,4,1,149507,11
48365,60,2,2,48424,4
48367,102,7,3,275439,5
48369,77,1,3,28055,6
48371,87,0,1,37075,6
48373,109,3,3,106235,4
48375,77,5,1,284579,5
48381,42,2,1,118668,2
48387,68,2,3,21203,3
48389,208,8,3,60671,12
48393,58,1,3,157,0
48395,54,1,2,56738,7
48397,82,3,1,163819,3
48401,115,7,3,131209,5
48407,141,3,3,90345,7
48415,39,5,1,19491,2
48417,159,5,3,2113,1
48421,8,2,1,5972,4
48425,60,2,3,33545,8
48427,20,0,3,15394,1
48429,85,5,3,39230,9
48433,94,4,3,1065,1
48439,102,7,2,3352640,4
48443,7,0,3,21,0
48447,73,4,3,834,1
48453,47,0,3,415287,1
48455,183,10,1,200607,25
48457,184,6,3,124316,13
48459,143,5,3,196199,11
48463,31,0,3,10567,1
48467,156,7,3,202198,8
48471,160,7,2,226098,8
48473,296,21,1,164399,8
48475,130,6,3,38098,7
48477,35,0,1,15479,1
48481,194,14,3,148633,7
48485,80,5,3,185533,3
48489,104,6,3,236030,31
48491,45,0,3,166029,1
48493,24,0,1,8575,0
48495,98,3,3,26600,8
48497,111,6,3,132661,4
48499,97,3,1,82700,4
48501,61,2,3,12380,3
48503,73,4,3,32093,3
50001,86,2,2,47432,2
50003,99,5,3,153189,7
50007,58,3,3,115746,1
50009,81,4,3,134980,35
50015,2,0,2,1472,0
50017,114,4,3,168242,10
50019,74,1,2,52731,3
50021,93,4,3,144936,4
50023,81,3,3,154044,4
50025,138,8,3,401723,15
50027,142,6,3,429164,12
51001,121,2,3,117183,7
51003,184,19,3,856687,17
51005,96,5,3,56085,7
51007,121,6,3,132411,22
51011,92,4,3,46772,6
51015,107,4,3,362403,10
51017,120,6,3,47211,20
51019,165,15,3,446493,12
51023,177,12,3,219826,14
51025,106,5,3,102056,14
51029,108,8,3,96027,14
51031,133,10,3,213947,8
51033,70,2,3,47715,4
51037,132,8,3,169085,30
51043,84,2,3,30431,4
51045,111,8,3,65742,24
51047,67,5,3,180552,9
51049,110,6,3,84153,18
51590,97,8,3,416439,18
51053,122,8,3,154825,12
51057,79,3,3,61072,11
51061,126,11,3,404960,13
51065,87,4,3,83413,7
51069,61,3,3,153248,4
51079,60,2,3,39011,4
51081,62,2,3,20743,5
51083,136,7,3,364033,21
51089,1,0,2,17036,1
51091,66,4,3,21423,16
51097,83,5,3,66913,20
51099,78,4,3,87717,8
51103,90,7,3,149925,23
51105,56,2,3,28705,3
51107,62,7,3,575074,4
51109,122,6,3,115460,7
51111,124,8,3,157533,30
51113,84,4,3,34386,6
51117,147,6,3,299616,20
51125,154,6,3,138199,18
51131,93,2,3,49793,8
51133,98,5,3,210112,30
51135,105,5,3,132098,19
51137,87,3,3,133839,8
51139,82,3,3,45515,4
51143,116,5,3,402164,13
51145,107,8,3,221314,17
51147,111,5,3,275569,31
51153,56,2,3,459698,3
51157,81,5,3,29377,8
51161,166,18,3,427346,9
51163,145,10,3,107290,10
51165,130,2,2,123053,3
51171,104,4,3,103914,5
51177,71,4,3,211513,4
51179,82,5,3,442524,8
51187,62,3,3,59724,3
51191,212,20,2,281459,10
51193,92,5,3,87480,9
51840,32,1,3,16462,1
51195,133,4,3,90363,5
53001,1,0,3,1993,0
53005,21,0,3,53437,1
53009,40,5,3,352219,9
53013,6,0,3,171,0
53015,74,0,1,79020,2
53017,42,0,3,25843,1
53019,72,5,3,54061,14
53023,12,0,1,298,0
53029,71,4,3,318181,7
53031,92,5,3,96350,5
53033,77,4,2,4223141,4
53035,121,12,1,905945,7
53041,89,4,3,204243,5
53043,78,4,3,36751,7
53045,71,4,2,177591,6
53051,4,0,2,630,0
53053,70,2,2,1497499,4
53055,97,1,3,60368,6
53057,104,6,3,297123,5
53063,47,2,3,591956,2
53065,166,8,3,320464,15
53073,102,6,2,499102,5
54001,2,0,3,6557,1
54003,33,2,3,81188,1
54007,20,3,3,11435,2
54013,100,10,3,7953,2
54015,62,7,3,9685,2
54017,70,7,3,6962,2
54021,68,7,3,8327,2
54023,15,3,3,5380,1
54027,7,1,3,10623,1
54031,6,0,3,5794,1
54041,7,1,3,7408,1
54063,10,1,3,10728,1
54067,1,0,3,12589,1
54071,28,4,3,4787,1
54073,16,0,3,2734,1
54075,17,1,3,5712,1
54077,1,0,3,10832,1
54083,1,1,3,9481,1
54085,41,5,3,9075,2
54087,11,0,3,12806,2
54089,4,0,3,6516,1
54091,2,1,3,5362,1
54093,20,2,3,4077,1
54095,42,4,3,6884,2
54097,0,0,3,7176,1
54101,27,1,3,9003,2
54103,18,2,3,10300,1
54105,44,4,3,4584,1
55001,54,2,3,41386,4
55003,61,2,1,27857,3
55005,32,2,3,71989,3
55007,105,4,1,73642,8
55009,58,2,3,339531,2
55017,46,2,3,55271,2
55019,54,2,3,119638,7
55021,50,1,3,66790,2
55025,30,0,3,161871,1
55027,47,1,3,69269,2
55029,69,3,3,91744,5
55035,45,1,3,57752,1
55037,1,0,3,1502,1
55039,38,1,3,117947,2
55041,79,3,3,79608,15
55047,66,2,3,38230,4
55049,66,1,3,32951,3
55057,35,2,3,25465,2
55059,57,3,3,187881,2
55063,34,2,3,117276,2
55065,39,0,1,14221,2
55067,84,4,3,147181,13
55069,76,7,3,200201,12
55071,30,1,3,60571,1
55073,61,2,3,214603,3
55075,93,4,3,165155,7
55077,49,1,3,37712,4
55078,58,1,3,24511,14
55079,105,5,3,906097,2
55081,38,2,3,28115,1
55083,55,4,3,174540,8
55085,111,7,3,240031,12
55087,41,0,3,537619,6
55089,50,3,3,111298,2
55091,44,2,3,9240,2
55095,67,5,3,163472,7
55097,59,2,3,396896,11
55099,26,1,3,8775,1
55101,65,3,3,291683,3
55105,53,1,3,101003,1
55107,22,1,3,13765,2
55111,52,2,3,54132,2
55113,56,2,1,37409,4
55115,46,2,3,93758,4
55117,35,2,3,113926,2
55109,68,2,3,81946,2
55123,56,3,3,30380,2
55125,118,8,3,151622,10
55127,60,4,3,126770,2
55129,27,1,3,8951,1
55131,48,1,3,97972,1
55133,79,4,3,499685,2
55135,58,1,3,212138,7
55137,83,2,3,33947,3
55139,32,1,3,84865,1
55141,27,1,3,130838,3
04007,0,0,3,2699,0
05021,0,0,1,459,0
05065,0,0,3,148,0
05073,0,0,2,6,0
05089,0,0,1,810,0
05101,0,0,1,399,0
05137,0,0,1,346,0
06005,0,0,3,2259,0
06011,0,0,3,1061,0
06015,0,0,3,361,0
06027,0,0,3,272,0
06031,0,0,3,3294,0
06033,0,0,3,2321,0
06035,0,0,3,462,0
06043,0,0,3,1300,0
06061,0,0,1,3762,0
06069,0,0,3,922,0
06093,0,0,2,1280,0
06101,0,0,2,2024,0
06107,0,0,2,15276,0
08003,0,0,3,280,0
08009,0,0,3,3,0
08015,0,0,2,248,0
08017,0,0,1,801,1
08029,0,0,2,201,0
08033,0,0,1,6,0
08037,0,0,1,251,0
08063,0,0,1,825,0
08065,0,0,3,143,0
08073,0,0,1,352,0
08091,0,0,1,62,0
08113,0,0,1,145,0
08119,0,0,1,184,0
12037,0,0,3,797,0
12043,0,0,2,588,0
12055,0,0,2,1948,0
12061,0,0,1,5934,0
12103,0,0,2,55377,0
13035,0,0,3,359,0
13065,0,0,3,47,0
13125,0,0,3,174,0
13163,0,0,1,607,0
13165,0,0,3,194,0
13221,0,0,3,926,0
13249,0,0,3,192,0
13269,0,0,3,976,0
13289,0,0,1,56,0
13319,0,0,3,244,0
16005,0,0,1,3315,0
16007,0,0,3,171,0
16023,0,0,1,125,0
16041,0,0,3,190,0
16051,0,0,1,749,0
16061,0,0,1,431,0
16065,0,0,3,407,0
16071,0,0,2,187,0
16081,0,0,3,189,0
17003,0,0,1,68,0
17005,0,0,1,4,0
17007,0,0,1,365,0
17009,0,0,1,306,0
17025,0,0,1,0,0
17037,0,0,1,596,0
17039,0,0,3,26,0
17041,0,0,1,87,0
17043,0,0,1,11116,0
17051,0,0,1,577,0
17053,0,0,1,8,0
17063,0,0,1,677,0
17075,0,0,1,15,0
17089,0,0,1,1683,0
17093,0,0,3,640,0
17095,0,0,1,19,0
17097,0,0,1,5509,0
17103,0,0,1,548,0
17107,0,0,2,20,0
17111,0,0,1,1776,0
17113,0,0,3,214,0
17135,0,0,1,235,0
17141,0,0,1,512,0
17145,0,0,2,4,0
17147,0,0,2,17,0
17155,0,0,3,16,0
17157,0,0,3,22,0
17175,0,0,2,8,0
17177,0,0,1,338,0
17179,0,0,1,44,0
17195,0,0,1,619,0
17197,0,0,1,7041,0
17201,0,0,1,1596,0
17203,0,0,2,22,0
18001,0,0,2,2096,0
18005,0,0,2,430,0
18007,0,0,3,1235,0
18009,0,0,3,1610,0
18015,0,0,2,204,0
18017,0,0,2,178,0
18023,0,0,3,313,0
18035,0,0,3,6388,0
18045,0,0,1,190,0
18049,0,0,3,221,0
18053,0,0,2,4631,0
18059,0,0,3,1949,0
18065,0,0,1,357,0
18067,0,0,3,731,0
18075,0,0,3,1576,0
18081,0,0,3,1435,0
18093,0,0,2,1065,0
18099,0,0,2,1093,0
18101,0,0,3,60,0
18117,0,0,2,136,0
18135,0,0,3,2504,0
18139,0,0,3,165,0
18145,0,0,3,288,0
18147,0,0,3,321,0
18159,0,0,3,496,0
18165,0,0,1,259,0
18167,0,0,1,1563,0
18169,0,0,3,434,0
18171,0,0,1,371,0
18179,0,0,2,1282,0
18181,0,0,3,551,0
19003,0,0,1,352,0
19005,0,0,1,157,0
19011,0,0,1,390,0
19017,0,0,2,388,0
19019,0,0,2,514,0
19021,0,0,2,368,0
19025,0,0,1,197,0
19027,0,0,1,131,0
19037,0,0,1,237,0
19039,0,0,3,446,0
19053,0,0,3,410,0
19065,0,0,1,376,0
19075,0,0,1,1115,0
19079,0,0,2,210,0
19087,0,0,1,227,0
19091,0,0,2,146,0
19093,0,0,2,194,0
19115,0,0,2,337,0
19131,0,0,1,198,0
19161,0,0,2,152,0
19173,0,0,1,457,0
19177,0,0,3,338,0
19187,0,0,1,424,0
19189,0,0,1,195,0
20013,0,0,2,76,0
20021,0,0,1,4,0
20023,0,0,3,136,0
20029,0,0,3,135,0
20035,0,0,2,284,0
20039,0,0,3,200,0
20041,0,0,2,113,0
20047,0,0,3,155,0
20073,0,0,1,2244,1
20077,0,0,2,16,0
20089,0,0,3,10,0
20123,0,0,3,117,0
20129,0,0,3,30,0
20137,0,0,3,90,0
20141,0,0,3,59,0
20147,0,0,3,347,0
20149,0,0,2,78,0
20153,0,0,3,219,0
20157,0,0,3,34,0
20159,0,0,1,115,0
20163,0,0,3,127,0
20165,0,0,2,266,0
20175,0,0,2,0,0
20181,0,0,3,399,0
20183,0,0,3,148,0
20185,0,0,3,289,0
20195,0,0,1,23,0
20201,0,0,3,128,0
21019,0,0,3,6242,0
21025,0,0,1,3362,0
21027,0,0,1,980,0
21037,0,0,3,896,0
21041,0,0,2,734,0
21055,0,0,3,237,0
21063,0,0,1,486,0
21065,0,0,1,323,0
21075,0,0,3,159,0
21077,0,0,3,404,0
21087,0,0,2,28,0
21091,0,0,1,387,0
21107,0,0,3,420,0
21117,0,0,3,2502,0
21119,0,0,3,4340,1
21129,0,0,1,316,0
21131,0,0,2,4996,1
21133,0,0,3,5252,0
21153,0,0,1,2098,0
21163,0,0,1,788,0
21165,0,0,1,2397,1
21175,0,0,1,1174,0
21181,0,0,3,410,0
21183,0,0,1,450,0
21193,0,0,3,7542,1
21195,0,0,3,13330,0
21205,0,0,1,2135,0
22015,0,0,3,23268,0
22017,0,0,3,41201,0
22069,0,0,3,10760,1
23001,0,0,3,3654,0
23005,0,0,3,10113,0
23011,0,0,3,12996,0
23013,0,0,3,3861,0
23017,0,0,3,10986,0
23031,0,0,3,7454,0
24001,0,0,3,11125,0
24017,0,0,3,4545,0
24021,0,0,3,21913,0
24037,0,0,3,4703,0
24043,0,0,3,19507,0
25019,0,0,3,374,0
26041,0,0,2,336,0
26159,0,0,2,10,0
26165,0,0,2,10,0
27013,0,0,1,412,0
27023,0,0,3,206,0
27043,0,0,2,100,0
27055,0,0,1,209,0
27059,0,0,2,310,0
27067,0,0,3,247,0
27103,0,0,1,130,0
27121,0,0,3,420,0
27141,0,0,3,264,0
27143,0,0,2,442,0
27149,0,0,3,207,0
27167,0,0,1,353,0
27171,0,0,2,1794,0
28053,0,0,3,388,0
28063,0,0,3,1147,0
28125,0,0,3,293,0
28143,0,0,3,3067,1
29001,0,0,1,636,0
29003,0,0,2,505,0
29005,0,0,2,60,0
29011,0,0,2,296,0
29025,0,0,1,363,0
29033,0,0,1,179,0
29045,0,0,1,205,0
29049,0,0,1,1238,0
29051,0,0,1,552,0
29061,0,0,2,134,0
29065,0,0,2,112,0
29075,0,0,1,47,0
29081,0,0,1,532,0
29087,0,0,2,82,0
29111,0,0,1,211,0
29125,0,0,1,342,0
29135,0,0,3,131,0
29139,0,0,3,1258,0
29141,0,0,3,208,0
29143,0,0,3,220,0
29145,0,0,1,364,0
29149,0,0,1,82,0
29157,0,0,1,88,0
29167,0,0,1,143,0
29173,0,0,1,759,0
29175,0,0,2,632,0
29177,0,0,1,1925,0
29179,0,0,1,597,0
29195,0,0,3,438,0
29197,0,0,2,138,0
29199,0,0,1,294,0
29203,0,0,1,470,0
29187,0,0,1,936,0
29209,0,0,1,2426,0
29211,0,0,2,57,0
29223,0,0,1,454,0
29227,0,0,1,40,0
30085,0,0,1,0,0
31017,0,0,2,16,0
31021,0,0,2,22,0
31023,0,0,2,10,0
31043,0,0,3,104,0
31045,0,0,3,27,0
31059,0,0,2,34,0
31069,0,0,3,15,0
31081,0,0,1,34,0
31089,0,0,2,41,0
31095,0,0,3,242,0
31097,0,0,2,177,0
31105,0,0,2,432,0
31123,0,0,2,18,0
31145,0,0,3,62,0
31149,0,0,3,7,0
31151,0,0,3,251,0
31161,0,0,3,35,0
31163,0,0,1,3,0
31169,0,0,3,302,0
32007,0,0,1,375,0
32013,0,0,2,323,0
32019,0,0,2,1023,0
32027,0,0,3,181,0
32029,0,0,3,131,0
34003,0,0,3,26431,0
34013,0,0,3,37277,0
34017,0,0,3,4081,0
34019,0,0,3,38095,1
34021,0,0,3,11098,0
34023,0,0,3,27559,0
34025,0,0,3,81327,0
34027,0,0,3,68706,0
34031,0,0,3,15597,0
34035,0,0,3,25693,0
34039,0,0,3,18667,0
34041,0,0,3,29440,1
35003,0,0,3,46,0
35037,0,0,3,71,0
35041,0,0,3,129,0
35047,0,0,2,190,0
35059,0,0,3,34,0
36005,0,0,3,4467,0
36007,0,0,3,2083,0
36011,0,0,3,5262,0
36013,0,0,3,4177,0
36015,0,0,3,1117,0
36017,0,0,3,1725,0
36023,0,0,3,4340,0
36047,0,0,3,33210,0
36055,0,0,3,15543,0
36059,0,0,3,58337,0
36061,0,0,3,3709,0
36063,0,0,3,4745,0
36069,0,0,3,2565,0
36077,0,0,3,9878,0
36081,0,0,3,31187,0
36085,0,0,3,4870,0
36087,0,0,3,11917,0
36097,0,0,3,1702,0
36101,0,0,3,6917,0
36103,0,0,3,88166,0
36107,0,0,3,2109,0
36109,0,0,3,1157,0
36117,0,0,3,7239,0
36119,0,0,3,27460,0
36121,0,0,3,4646,0
36123,0,0,3,762,0
37021,0,0,3,13849,0
37035,0,0,3,2205,0
37053,0,0,3,1172,0
37063,0,0,3,5431,0
37069,0,0,3,1008,0
37075,0,0,3,329,0
37077,0,0,1,689,0
37081,0,0,3,10821,0
37091,0,0,3,922,0
37107,0,0,3,348,0
37117,0,0,3,485,0
37119,0,0,3,57899,0
37127,0,0,2,1038,0
37129,0,0,3,3683,0
37145,0,0,1,286,0
37159,0,0,3,2781,0
37173,0,0,3,705,0
37177,0,0,3,219,0
37181,0,0,1,528,0
37185,0,0,1,242,0
37187,0,0,2,882,0
38003,0,0,2,8,0
38005,0,0,3,110,0
38019,0,0,2,4,0
38023,0,0,1,0,0
38027,0,0,2,45,0
38031,0,0,2,40,0
38035,0,0,2,741,0
38055,0,0,1,0,0
38067,0,0,2,156,0
38091,0,0,2,142,0
38095,0,0,3,24,0
38097,0,0,1,156,0
38099,0,0,1,431,0
38101,0,0,2,304,0
39001,0,0,3,4854,0
39003,0,0,3,7179,0
39007,0,0,3,26570,1
39009,0,0,3,7213,0
39011,0,0,2,1128,0
39015,0,0,3,2729,0
39017,0,0,3,3846,0
39023,0,0,3,16751,0
39025,0,0,3,2839,0
39027,0,0,3,1210,0
39029,0,0,3,17737,0
39031,0,0,3,3573,0
39033,0,0,3,5600,0
39035,0,0,3,163866,0
39041,0,0,3,12034,0
39043,0,0,3,8431,0
39047,0,0,3,965,0
39055,0,0,3,27681,1
39057,0,0,1,4362,0
39061,0,0,3,18431,0
39065,0,0,3,3948,0
39075,0,0,3,6314,0
39081,0,0,3,7332,0
39091,0,0,3,184,0
39093,0,0,3,24680,0
39095,0,0,3,24023,0
39099,0,0,3,22301,0
39103,0,0,3,20481,0
39105,0,0,3,4921,0
39113,0,0,1,10039,0
39119,0,0,3,8578,0
39123,0,0,3,7812,0
39131,0,0,2,5132,0
39133,0,0,3,27774,0
39137,0,0,3,3277,0
39139,0,0,1,12801,0
39143,0,0,3,8139,0
39145,0,0,3,7857,0
39147,0,0,2,4676,0
39151,0,0,3,33092,0
39153,0,0,3,46572,0
39155,0,0,3,25011,0
39157,0,0,3,8184,0
39159,0,0,3,2937,0
39161,0,0,3,3446,0
39163,0,0,3,3690,1
39165,0,0,3,2190,0
39173,0,0,3,14518,0
39175,0,0,3,2371,0
40007,0,0,3,678,0
40025,0,0,3,141,0
40029,0,0,3,808,0
40059,0,0,3,352,0
40075,0,0,3,1660,0
40143,0,0,3,39096,0
41015,0,0,3,357,0
41021,0,0,2,44,0
41023,0,0,3,65,0
41025,0,0,3,47,0
41027,0,0,1,247,0
41031,0,0,2,518,0
41033,0,0,3,1665,0
41037,0,0,3,313,0
41053,0,0,3,1144,0
41055,0,0,3,56,0
41063,0,0,1,192,0
41071,0,0,1,1516,0
42001,0,0,3,14381,0
42009,0,0,3,17184,1
42011,0,0,3,62710,0
42013,0,0,3,14498,0
42027,0,0,3,16935,0
42039,0,0,3,26913,1
42047,0,0,3,4362,0
42055,0,0,3,13839,0
42073,0,0,3,17638,0
42075,0,0,3,17894,0
42085,0,0,3,30734,1
42087,0,0,3,7811,0
42099,0,0,3,5742,0
42125,0,0,3,41781,0
42129,0,0,3,55659,0
45005,0,0,1,226,0
45047,0,0,1,1103,0
45057,0,0,3,1773,0
45061,0,0,3,524,0
45069,0,0,1,216,0
45083,0,0,1,10523,0
45085,0,0,3,1568,0
45087,0,0,1,153,0
46003,0,0,2,51,0
46011,0,0,2,130,0
46017,0,0,1,105,0
46061,0,0,1,443,0
46073,0,0,1,52,0
46085,0,0,1,213,0
46087,0,0,2,1020,0
46095,0,0,1,0,0
46117,0,0,1,18,0
46123,0,0,1,0,0
46125,0,0,1,0,0
46127,0,0,2,305,0
47015,0,0,3,194,0
47027,0,0,3,193,0
47041,0,0,3,39,0
47043,0,0,3,16,0
47055,0,0,1,9,0
47081,0,0,3,6,0
47099,0,0,1,764,0
47101,0,0,1,25,0
47141,0,0,2,165,0
47151,0,0,2,32,0
47173,0,0,3,616,0
47177,0,0,3,2,0
47181,0,0,1,1,0
48007,0,0,3,6032,0
48017,0,0,3,106,0
48019,0,0,3,241,0
48025,0,0,3,4232,0
48043,0,0,3,1663,0
48047,0,0,3,19,0
48057,0,0,3,3169,0
48069,0,0,1,430,0
48079,0,0,3,204,0
48111,0,0,1,239,0
48127,0,0,3,64,0
48131,0,0,3,9,0
48153,0,0,3,216,0
48159,0,0,1,1822,0
48175,0,0,3,2479,1
48205,0,0,1,197,0
48227,0,0,1,7073,0
48239,0,0,3,3305,0
48241,0,0,3,61,0
48247,0,0,3,94,0
48255,0,0,3,2196,0
48267,0,0,3,314,0
48271,0,0,3,4,0
48295,0,0,3,356,0
48321,0,0,3,7752,0
48323,0,0,3,5109,0
48353,0,0,1,3467,0
48355,0,0,3,41384,0
48377,0,0,3,1250,0
48379,0,0,3,872,0
48385,0,0,3,51,0
48391,0,0,3,3990,1
48399,0,0,3,2302,0
48409,0,0,3,9014,0
48435,0,0,1,142,0
48437,0,0,1,225,0
48441,0,0,3,10862,0
48445,0,0,2,586,0
48465,0,0,1,4807,0
48469,0,0,3,6939,0
48483,0,0,2,1035,0
48487,0,0,1,2989,0
48505,0,0,2,50,0
48507,0,0,3,149,0
49015,0,0,3,237,0
49017,0,0,3,87,0
49019,0,0,3,243,0
49029,0,0,2,248,0
49031,0,0,3,54,0
49033,0,0,3,178,0
49041,0,0,2,284,0
49047,0,0,1,359,0
50011,0,0,3,1957,0
50013,0,0,3,184,0
51510,0,0,3,1447,0
51009,0,0,1,5492,0
51013,0,0,3,4509,0
51021,0,0,3,3515,1
51520,0,0,1,5,0
51027,0,0,3,6309,1
51530,0,0,3,24,0
51035,0,0,3,9224,1
51036,0,0,3,826,0
51540,0,0,3,1198,0
51550,0,0,3,5181,0
51041,0,0,3,10452,0
51570,0,0,3,219,0
51580,0,0,3,36,0
51051,0,0,3,5487,1
51595,0,0,3,113,0
51059,0,0,3,34775,0
51600,0,0,3,197,0
51610,0,0,3,204,0
51063,0,0,3,6286,1
51067,0,0,3,14011,0
51630,0,0,3,236,0
51640,0,0,3,1600,0
51071,0,0,3,5550,1
51073,0,0,3,1954,0
51075,0,0,3,1392,0
51077,0,0,3,8044,1
51650,0,0,3,4183,0
51085,0,0,3,2567,0
51087,0,0,3,13157,0
51670,0,0,3,309,0
51093,0,0,3,1029,0
51095,0,0,3,1306,0
51101,0,0,3,450,0
51678,0,0,3,63,0
51680,0,0,3,8898,0
51685,0,0,3,42,0
51115,0,0,3,721,0
51119,0,0,3,861,0
51121,0,0,3,9593,0
51127,0,0,3,1008,0
51700,0,0,3,5453,0
51710,0,0,3,4334,0
51141,0,0,3,8982,1
51730,0,0,3,649,0
51735,0,0,3,330,0
51740,0,0,3,2117,0
51149,0,0,3,542,0
51155,0,0,3,6911,0
51159,0,0,3,283,0
51760,0,0,3,9408,0
51770,0,0,3,22026,0
51167,0,0,3,7743,1
51169,0,0,2,7060,1
51173,0,0,3,9953,1
51175,0,0,3,690,0
51790,0,0,3,324,0
51800,0,0,3,1721,0
51181,0,0,3,199,0
51183,0,0,3,385,0
51185,0,0,3,9258,0
51810,0,0,3,14327,0
51820,0,0,3,229,0
51830,0,0,3,233,0
51197,0,0,3,6574,0
51199,0,0,3,2079,0
53003,0,0,1,1225,0
53021,0,0,2,868,0
53025,0,0,3,418,0
53037,0,0,2,1035,0
53047,0,0,2,18,0
53071,0,0,2,984,0
53075,0,0,1,2301,0
54005,0,0,3,9426,1
54009,0,0,3,5021,0
54011,0,0,3,30137,1
54019,0,0,3,14765,1
54025,0,0,3,15416,1
54029,0,0,3,4019,0
54033,0,0,3,16220,0
54035,0,0,3,10123,1
54037,0,0,3,8215,0
54039,0,0,3,82625,1
54043,0,0,3,14500,1
54045,0,0,3,8608,0
54049,0,0,3,15506,0
54051,0,0,3,14111,1
54053,0,0,3,7812,1
54047,0,0,3,8034,1
54055,0,0,3,14344,0
54057,0,0,3,5061,0
54059,0,0,3,10102,1
54061,0,0,3,11802,0
54065,0,0,3,4601,0
54069,0,0,3,12856,1
54079,0,0,3,15091,0
54081,0,0,3,16281,0
54099,0,0,3,21655,1
54107,0,0,3,13719,0
54109,0,0,3,7669,1
55011,0,0,3,128,0
55013,0,0,2,288,0
55015,0,0,3,338,0
55023,0,0,3,170,0
55031,0,0,1,291,0
55033,0,0,1,323,0
55043,0,0,3,288,0
55045,0,0,3,447,0
55051,0,0,1,208,0
55053,0,0,1,111,0
55055,0,0,3,846,0
55061,0,0,3,180,0
55093,0,0,3,785,0
55119,0,0,3,207,0
55121,0,0,1,240,0
56001,0,0,2,371,0
56007,0,0,1,274,0
56009,0,0,3,2009,0
56017,0,0,3,110,0
56019,0,0,3,126,0
56035,0,0,3,182,0
56037,0,0,2,584,0
56041,0,0,3,171,0
56043,0,0,3,114,0
